City_ID,City,Cloudiness,Country,Date,Humidity,Lat,Lng,Speed of wind
0,ushuaia,40,AR,1556319600,52,-54.81,-68.31,12.75
1,east london,15,ZA,1556324458,94,-33.02,27.91,3.33
2,kodiak,90,US,1556324012,2,39.95,-94.76,4.18
3,avarua,100,CK,1556321400,74,-21.21,-159.78,14.99
4,chegdomyn,46,RU,1556324459,33,51.13,133.04,3.58
5,upernavik,98,GL,1556324459,64,72.79,-56.15,5.73
6,punta arenas,0,CL,1556323988,45,-53.16,-70.91,8.05
7,vardo,90,US,1556324306,54,39.62,-77.74,20.8
8,rikitea,88,PF,1556324460,85,-23.12,-134.97,21.18
9,jamestown,0,AU,1556324461,56,-33.21,138.6,6.13
10,tuktoyaktuk,90,CA,1556323200,85,69.44,-133.03,13.87
11,kamaishi,75,JP,1556319600,100,39.28,141.86,4.7
12,djambala,93,CG,1556324252,82,-2.55,14.76,2.55
13,amapa,20,HN,1556324412,59,15.09,-87.97,18.34
14,bambous virieux,20,MU,1556319600,69,-20.34,57.76,8.05
15,muisne,40,EC,1556319600,83,0.61,-80.02,5.82
16,sinnamary,97,GF,1556324253,75,5.38,-52.96,15.93
17,skibotn,20,NO,1556322600,86,69.39,20.27,4.7
18,khorinsk,4,RU,1556324253,49,52.16,109.78,3.29
19,mataura,99,NZ,1556323209,76,-46.19,168.86,10.76
20,saint-philippe,90,CA,1556324104,81,45.36,-73.48,14.99
21,ribeira grande,61,PT,1556324112,81,38.52,-28.7,14.79
22,new norfolk,75,AU,1556324194,50,-42.78,147.06,13.87
23,sao joao da barra,0,BR,1556319600,88,-21.64,-41.05,2.8
24,cape town,0,ZA,1556324165,93,-33.93,18.42,5.82
25,portland,20,US,1556323876,30,45.52,-122.67,14.99
26,hilo,90,US,1556324055,78,19.71,-155.08,3.36
27,barrow,75,AR,1556324133,89,-38.31,-60.23,4.99
28,mar del plata,100,AR,1556324126,46,-46.43,-67.52,13.58
29,atuona,5,PF,1556324464,75,-9.8,-139.03,17.05
30,nha trang,40,VN,1556321400,74,12.24,109.19,5.82
31,kahului,75,US,1556323539,45,20.89,-156.47,19.46
32,kazerun,0,IR,1556324255,40,29.62,51.65,1.83
33,kapaa,40,US,1556323696,58,22.08,-159.32,9.17
34,kaitangata,100,NZ,1556324058,62,-46.28,169.85,5.01
35,bluff,42,AU,1556324106,60,-23.58,149.07,13.44
36,bandraboua,40,YT,1556323200,83,-12.7,45.12,3.36
37,makasar,40,ID,1556324210,88,-6.28,106.88,4.7
38,hermanus,0,ZA,1556323275,94,-34.42,19.24,1.99
39,namibe,0,AO,1556324256,77,-15.19,12.15,11.54
40,maniitsoq,89,GL,1556324256,75,65.42,-52.9,12.48
41,hualmay,100,PE,1556324465,91,-11.1,-77.61,20.22
42,pisco,0,PE,1556323264,30,-13.71,-76.2,23.04
43,grindavik,75,IS,1556323474,93,63.84,-22.43,6.93
44,vanimo,98,PG,1556324256,71,-2.67,141.3,3.94
45,caraz,98,PE,1556324257,87,-9.05,-77.81,2.28
46,virginia beach,40,US,1556324445,100,36.85,-75.98,8.05
47,ponta do sol,19,BR,1556324128,92,-20.63,-46.0,3.11
48,saldanha,0,PT,1556324123,86,41.42,-6.55,3.71
49,mahebourg,20,MU,1556319600,69,-20.41,57.7,8.05
50,yellowknife,100,CA,1556323965,49,62.45,-114.38,13.0
51,lancaster,75,US,1556324240,71,40.04,-76.31,9.17
52,albany,90,US,1556324070,71,42.65,-73.75,5.82
53,saskylakh,42,RU,1556324224,93,71.97,114.09,5.66
54,kieta,65,PG,1556324468,66,-6.22,155.63,7.36
55,vaini,27,IN,1556324103,90,15.34,74.49,2.08
56,port elizabeth,90,US,1556324227,87,39.31,-74.98,11.41
57,chapais,90,CA,1556322060,93,49.78,-74.86,10.29
58,hobart,75,AU,1556323934,50,-42.88,147.33,13.87
59,sioux lookout,1,CA,1556323200,26,50.1,-91.92,4.7
60,lagoa,0,PT,1556324172,51,37.14,-8.45,6.93
61,bredasdorp,0,ZA,1556324194,93,-34.53,20.04,1.12
62,gondanglegi,64,ID,1556324259,85,-7.75,112.01,6.15
63,puerto ayora,20,EC,1556323227,78,-0.74,-90.35,13.87
64,lensk,99,RU,1556324260,86,60.71,114.91,10.54
65,saint george,40,GR,1556324004,87,39.45,22.34,1.32
66,kiunga,100,PG,1556324260,91,-6.12,141.3,1.9
67,kupang,40,ID,1556321400,74,-10.16,123.6,11.41
68,matamoros,1,US,1556324238,42,25.87,-97.51,13.87
69,arraial do cabo,28,BR,1556324107,82,-22.97,-42.02,14.9
70,mecca,0,SA,1556324004,65,21.43,39.83,3.24
71,darhan,98,MN,1556324261,57,49.49,105.92,3.29
72,puerto colombia,40,CO,1556324195,94,10.99,-74.96,6.93
73,hithadhoo,100,MV,1556323822,77,-0.6,73.08,9.84
74,nagaur,0,IN,1556324262,16,27.2,73.74,5.21
75,airai,82,TL,1556323877,62,-8.93,125.41,5.17
76,wajima,75,JP,1556319600,93,37.4,136.9,4.7
77,husavik,76,CA,1556324084,50,50.56,-96.99,5.99
78,kibiti,86,TZ,1556324262,97,-7.72,38.94,1.99
79,panacan,75,PH,1556319600,78,7.15,125.66,6.93
80,port lincoln,35,AU,1556324107,64,-34.72,135.86,5.59
81,trairi,100,BR,1556324263,94,-3.28,-39.27,2.62
82,ocampo,22,PH,1556324263,68,13.56,123.37,5.23
83,busselton,0,AU,1556324140,51,-33.64,115.35,17.74
84,aklavik,20,CA,1556319600,42,68.22,-135.01,4.7
85,khanpur,0,PK,1556324264,23,28.65,70.66,4.76
86,dwarka,0,IN,1556321400,28,28.58,77.04,4.7
87,marsh harbour,63,BS,1556323892,85,26.54,-77.06,13.04
88,alice springs,90,AU,1556321400,45,-23.7,133.88,10.29
89,brae,56,GB,1556320800,93,60.4,-1.35,17.22
90,kruisfontein,1,ZA,1556323899,96,-34.0,24.73,0.69
91,mersing,100,MY,1556324226,86,2.43,103.84,1.45
92,oakdale,1,US,1556323998,35,37.77,-120.85,3.36
93,petropavlovsk-kamchatskiy,0,RU,1556321400,38,53.05,158.65,11.18
94,marshfield,90,US,1556324238,100,42.09,-70.71,8.05
95,half moon bay,90,US,1556324221,93,37.46,-122.43,5.82
96,acapulco,75,MX,1556319000,74,16.86,-99.88,9.17
97,wladyslawowo,0,PL,1556323803,82,54.79,18.4,1.12
98,zakamensk,29,RU,1556324267,63,50.38,103.29,0.6
99,lompoc,75,US,1556323890,87,34.64,-120.46,5.82
100,bambari,44,CF,1556324267,73,5.77,20.68,6.67
101,resistencia,90,AR,1556319600,100,-27.45,-58.99,2.24
102,carupano,55,VE,1556324267,76,10.67,-63.26,5.08
103,nador,0,MA,1556323200,76,35.17,-2.93,2.24
104,avera,1,US,1556323919,30,33.19,-82.53,10.29
105,milot,39,HT,1556324268,79,19.61,-72.21,1.19
106,saint anthony,20,US,1556324142,18,43.97,-111.68,13.87
107,isabela,100,PH,1556324124,76,10.2,122.99,10.29
108,batagay-alyta,90,RU,1556324269,68,67.8,130.41,2.77
109,ayagoz,3,KZ,1556324269,63,47.96,80.43,14.83
110,coihaique,90,CL,1556319600,81,-45.58,-72.07,3.36
111,beloha,70,MG,1556323923,83,-25.17,45.06,6.6
112,mount gambier,90,AU,1556319600,76,-37.83,140.78,6.93
113,lasa,0,CY,1556323239,82,34.92,32.53,2.24
114,gusinoye ozero,19,RU,1556324271,54,51.11,106.26,1.52
115,chaplynka,0,UA,1556324271,45,46.36,33.54,4.83
116,san carlos de bariloche,75,AR,1556319600,66,-41.13,-71.31,8.05
117,tiksi,86,RU,1556324113,85,71.64,128.87,1.39
118,beyneu,7,KZ,1556324272,60,45.32,55.19,9.75
119,port alfred,1,ZA,1556324258,96,-33.59,26.89,2.42
120,faanui,87,PF,1556324102,77,-16.48,-151.75,13.27
121,qaanaaq,100,GL,1556324474,81,77.48,-69.36,4.23
122,sorland,0,NO,1556324229,61,67.67,12.69,9.48
123,churapcha,0,RU,1556324272,51,62.0,132.43,3.89
124,mareeba,40,AU,1556324017,70,-16.99,145.42,13.87
125,vostok,0,RU,1556324273,27,46.45,135.83,3.6
126,nizwa,0,OM,1556324273,39,22.93,57.53,2.77
127,boyuibe,90,BO,1556319600,100,-20.43,-63.28,4.7
128,carnarvon,0,ZA,1556324118,29,-30.97,22.13,3.36
129,necochea,100,AR,1556323912,94,-38.55,-58.74,3.0
130,susanville,40,US,1556323670,36,40.42,-120.65,13.87
131,upington,0,ZA,1556323200,20,-28.46,21.24,4.7
132,georgetown,40,GY,1556319600,78,6.8,-58.16,11.41
133,longyearbyen,90,NO,1556319000,92,78.22,15.63,3.36
134,touros,75,BR,1556319600,88,-5.2,-35.46,4.7
135,ankang,100,CN,1556324274,58,32.73,108.99,5.5
136,balaguer,1,ES,1556324179,76,41.79,0.81,11.41
137,truth or consequences,1,US,1556324185,13,33.13,-107.25,13.87
138,dingle,95,PH,1556324112,61,11.0,122.67,12.71
139,am timan,79,TD,1556324275,6,11.04,20.28,3.83
140,camacha,40,PT,1556321400,59,33.08,-16.33,16.11
141,nioro,0,GM,1556324275,19,13.79,-15.05,11.63
142,penticton,75,CA,1556323200,32,49.49,-119.59,6.93
143,moron,90,VE,1556324275,89,10.49,-68.2,3.15
144,manggar,100,ID,1556323629,86,-2.88,108.27,0.51
145,victoria,75,BN,1556321400,94,5.28,115.24,8.77
146,buraydah,40,SA,1556319600,60,26.33,43.97,8.05
147,zambezi,97,ZM,1556323901,64,-13.55,23.12,3.22
148,lebu,77,ET,1556319600,59,8.96,38.73,4.7
149,namatanai,97,PG,1556323911,81,-3.66,152.44,2.28
150,hirara,75,JP,1556319600,78,24.8,125.28,14.99
151,cidreira,92,BR,1556324128,87,-30.17,-50.22,14.99
152,moranbah,91,AU,1556324276,71,-22.0,148.04,14.58
153,souillac,90,FR,1556323930,87,45.6,-0.6,9.17
154,khatanga,71,RU,1556324133,94,71.98,102.47,14.81
155,kushiro,75,JP,1556319600,80,43.11,144.15,9.17
156,presidencia roque saenz pena,95,AR,1556324448,98,-26.79,-60.44,3.11
157,samarai,26,PG,1556324126,71,-10.62,150.67,5.57
158,howell,90,US,1556324246,87,40.17,-74.19,9.17
159,chokurdakh,100,RU,1556324130,96,70.62,147.9,11.59
160,patti,5,IT,1556324255,77,38.14,14.96,6.93
161,martinsburg,90,US,1556324142,54,39.46,-77.96,20.8
162,bassano,88,CA,1556324112,61,50.79,-112.47,7.99
163,gravdal,90,NO,1556324224,93,59.79,5.78,3.36
164,yulara,35,AU,1556319600,48,-25.24,130.99,12.75
165,ladario,0,PT,1556324166,92,40.7,-7.74,1.97
166,matara,100,PE,1556323893,82,-13.74,-72.9,5.41
167,guerrero negro,19,MX,1556324116,88,27.97,-114.04,15.64
168,tasiilaq,100,GL,1556322600,70,65.61,-37.64,23.04
169,fergus falls,1,US,1556324134,32,46.28,-96.08,9.17
170,provideniya,100,RU,1556324125,84,64.42,-173.23,7.18
171,nikolskoye,0,RU,1556324437,66,59.7,30.79,4.47
172,la ronge,75,CA,1556319600,44,55.1,-105.3,8.05
173,nacala,94,MZ,1556324279,95,-14.56,40.69,3.04
174,teguldet,47,RU,1556324279,82,57.31,88.17,5.06
175,penzance,84,GB,1556323818,70,50.12,-5.53,32.21
176,ilulissat,66,GL,1556322600,72,69.22,-51.1,3.36
177,macau,100,BR,1556324279,86,-5.11,-36.64,13.73
178,klaksvik,3,FO,1556322600,87,62.23,-6.59,24.16
179,newport,82,GB,1556323628,75,51.59,-3.0,16.11
180,hofn,100,IS,1556324479,99,64.25,-15.21,9.57
181,thinadhoo,91,MV,1556324281,72,0.53,72.93,8.95
182,isangel,40,VU,1556319600,70,-19.55,169.27,6.93
183,te anau,87,NZ,1556324282,81,-45.41,167.72,6.55
184,narsaq,40,GL,1556322600,47,60.91,-46.05,4.7
185,pangnirtung,95,CA,1556324282,96,66.15,-65.72,2.71
186,luderitz,0,NA,1556319600,100,-26.65,15.16,2.24
187,fortuna,0,ES,1556324129,76,38.18,-1.13,5.82
188,shimoda,75,JP,1556324112,87,34.7,138.93,21.92
189,bethel,1,US,1556319360,39,60.79,-161.76,6.93
190,katsuura,75,JP,1556322884,76,33.93,134.5,23.04
191,nagai,75,JP,1556324191,87,38.14,139.98,4.7
192,pevek,100,RU,1556324123,75,69.7,170.27,13.33
193,ongandjera,28,NA,1556324283,47,-17.88,15.07,2.37
194,oulu,0,FI,1556324103,86,65.01,25.47,2.24
195,ucluelet,75,CA,1556323993,71,48.94,-125.55,13.87
196,palmares do sul,93,BR,1556324182,94,-30.26,-50.51,18.25
197,cayenne,75,GF,1556321400,78,4.94,-52.33,1.12
198,taksimo,65,RU,1556323899,62,56.36,114.84,3.85
199,plettenberg bay,0,ZA,1556324283,95,-34.05,23.37,1.3
200,kasulu,100,TZ,1556324283,83,-4.57,30.11,1.07
201,dicabisagan,4,PH,1556324284,62,17.08,122.42,2.82
202,mount pleasant,1,US,1556324129,36,33.16,-94.97,4.36
203,bilma,0,NE,1556323910,8,18.69,12.92,5.46
204,poum,81,MK,1556324131,74,41.28,20.71,1.48
205,monywa,31,MM,1556324285,28,22.12,95.13,5.61
206,caravelas,37,BR,1556324138,87,-17.73,-39.27,4.54
207,hami,27,CN,1556323917,33,42.84,93.51,2.17
208,seminole,1,US,1556324196,41,32.72,-102.64,13.87
209,waiouru,36,NZ,1556324286,77,-39.48,175.67,9.64
210,batagay,0,RU,1556324117,52,67.65,134.64,0.65
211,ugoofaaru,80,MV,1556324286,72,5.67,73.0,5.57
212,coolum beach,0,AU,1556323807,73,-26.53,153.09,7.0
213,butaritari,63,KI,1556324109,82,3.07,172.79,15.82
214,kalemie,100,CD,1556324482,87,-5.95,29.2,1.05
215,coronel oviedo,100,PY,1556324287,94,-25.45,-56.44,2.93
216,kindu,67,CD,1556324287,94,-2.95,25.92,1.32
217,sosnovoborsk,40,RU,1556321400,86,56.12,93.34,11.18
218,qasigiannguit,64,GL,1556322600,72,68.82,-51.19,3.36
219,hasaki,75,JP,1556324124,87,35.73,140.83,16.11
220,mpanda,100,TZ,1556324288,94,-6.34,31.07,2.33
221,padang,40,ID,1556319600,94,-0.92,100.36,1.12
222,bonfim,0,BR,1556319600,69,-20.33,-44.24,9.17
223,ende,71,ID,1556324289,70,-8.84,121.65,2.26
224,geraldton,90,CA,1556319600,79,49.72,-86.95,12.75
225,conceicao do araguaia,89,BR,1556324409,71,-8.26,-49.26,1.79
226,komsomolskiy,33,RU,1556324289,99,67.55,63.78,3.18
227,nyeri,100,KE,1556324289,93,-0.42,36.95,0.92
228,swansea,90,GB,1556324240,70,51.62,-3.95,24.16
229,rincon,1,US,1556324211,31,32.3,-81.24,14.99
230,yelizovo,50,RU,1556321400,38,53.19,158.38,11.18
231,auki,26,NG,1556324290,5,12.18,6.51,6.93
232,rapid valley,1,US,1556324261,40,44.06,-103.15,18.34
233,san quintin,82,PH,1556324216,65,17.54,120.52,4.43
234,dikson,90,RU,1556324116,95,73.51,80.55,7.27
235,college,1,US,1556323807,22,64.86,-147.8,4.7
236,porto velho,75,BR,1556321100,88,-8.75,-63.87,3.36
237,zhanakorgan,0,KZ,1556324291,41,43.91,67.25,8.43
238,wukari,100,NG,1556324291,56,7.87,9.78,7.49
239,kolpashevo,0,RU,1556324291,68,58.31,82.9,5.03
240,ellensburg,1,US,1556324214,16,47.0,-120.55,9.17
241,codrington,90,AU,1556324061,73,-28.95,153.24,6.93
242,port hardy,75,CA,1556319600,71,50.7,-127.42,17.22
243,pundaguitan,100,PH,1556324292,75,6.37,126.17,8.46
244,esil,32,KZ,1556324292,66,51.96,66.41,8.39
245,hobyo,88,SO,1556324108,75,5.35,48.53,11.5
246,nanortalik,2,GL,1556324214,68,60.14,-45.24,5.88
247,harper,1,US,1556324241,41,30.3,-99.24,9.44
248,svetlyy yar,0,RU,1556321400,66,48.48,44.79,6.71
249,byron bay,40,AU,1556324173,61,-28.65,153.62,17.22
250,yumen,100,CN,1556324293,37,40.29,97.04,14.99
251,chilca,40,PE,1556321400,48,-13.22,-72.34,8.05
252,gull lake,90,CA,1556320440,42,50.1,-108.48,17.22
253,manokwari,50,ID,1556324293,63,-0.87,134.08,4.68
254,chufarovo,0,RU,1556324294,68,54.09,47.33,3.04
255,torbay,90,CA,1556323998,88,47.66,-52.73,17.22
256,palana,56,RU,1556324294,86,59.08,159.95,27.72
257,inirida,100,CO,1556324294,91,3.87,-67.92,2.15
258,thompson,90,CA,1556319600,59,55.74,-97.86,4.7
259,bongandanga,93,CD,1556324294,92,1.51,21.07,1.25
260,vrangel,2,RU,1556324295,44,42.73,133.08,6.87
261,wajir,100,KE,1556324295,73,1.75,40.07,12.71
262,gezing,75,AT,1556324289,87,47.92,13.13,5.82
263,belmonte,0,PT,1556324166,92,40.36,-7.35,1.9
264,ahipara,78,NZ,1556324488,78,-35.17,173.16,14.58
265,janauba,100,BR,1556324296,98,-1.63,-45.47,3.0
266,rubiataba,64,BR,1556324296,70,-15.16,-49.8,1.77
267,darnah,0,LY,1556324296,53,32.77,22.64,8.19
268,vanavara,48,RU,1556324296,86,60.35,102.28,3.27
269,kavieng,100,PG,1556324113,72,-2.57,150.8,2.06
270,totness,1,US,1556324223,19,33.74,-80.8,10.29
271,viedma,32,AR,1556324488,72,-40.81,-62.99,13.09
272,cherskiy,100,RU,1556324217,91,68.75,161.3,7.38
273,vila franca do campo,20,PT,1556324482,72,37.72,-25.43,10.29
274,la paz,75,MX,1556323249,23,24.15,-110.32,9.17
275,lima,40,PE,1556323929,88,-12.06,-77.04,11.41
276,severo-kurilsk,27,RU,1556324489,85,50.68,156.12,8.7
277,zyryanskoye,71,RU,1556324298,74,56.83,86.62,4.85
278,orsta,57,NO,1556324189,71,62.2,6.13,4.7
279,launceston,72,AU,1556324448,70,-41.43,147.14,16.11
280,mount isa,90,AU,1556321400,69,-20.73,139.49,10.29
281,castro,40,CL,1556319600,93,-42.48,-73.76,6.93
282,agnibilekrou,100,CI,1556324299,96,7.13,-3.2,4.05
283,qaqortoq,40,GL,1556322600,47,60.72,-46.03,4.7
284,miraflores,98,CO,1556324299,98,5.2,-73.14,2.44
285,makakilo city,40,US,1556324157,58,21.35,-158.09,13.87
286,peniche,0,PT,1556324257,81,39.36,-9.38,13.87
287,mimongo,100,GA,1556324300,99,-1.62,11.6,2.21
288,paragominas,92,BR,1556324301,95,-3.0,-47.35,3.0
289,lamar,90,US,1556324207,33,38.09,-102.62,12.75
290,ancud,40,CL,1556319600,93,-41.87,-73.83,6.93
291,pokhvistnevo,45,RU,1556324301,68,53.65,52.12,2.53
292,moerai,100,PF,1556324302,75,-22.43,-151.33,23.06
293,songjianghe,1,CN,1556324302,30,42.18,127.48,3.76
294,praia da vitoria,75,PT,1556324126,77,38.73,-27.07,12.46
295,cuiluan,12,CN,1556324302,24,47.72,128.65,7.49
296,felipe carrillo puerto,62,MX,1556324302,62,19.58,-88.05,5.59
297,winton,89,AU,1556324303,56,-22.38,143.04,19.08
298,vitim,91,RU,1556324303,89,59.44,112.57,9.75
299,abu dhabi,0,AE,1556321400,60,24.47,54.37,2.24
300,villarrica,0,CL,1556324186,93,-39.28,-72.23,3.36
301,pierre,1,US,1556324296,32,44.37,-100.35,23.04
302,nome,1,US,1556323684,37,30.04,-94.42,5.82
303,yenagoa,83,NG,1556324304,95,4.92,6.26,3.51
304,elizabeth city,90,US,1556324210,93,36.3,-76.22,10.65
305,bathsheba,40,BB,1556319600,78,13.22,-59.52,13.87
306,duluth,1,US,1556324219,27,46.77,-92.13,10.29
307,berlevag,95,NO,1556324064,75,70.86,29.09,14.97
308,bulgan,100,MN,1556324304,60,48.81,103.53,1.99
309,lipin bor,0,RU,1556324305,78,60.26,37.97,2.84
310,boksitogorsk,0,RU,1556324305,73,59.47,33.85,3.2
311,lorengau,98,PG,1556324305,81,-2.02,147.27,3.56
312,vestmannaeyjar,100,IS,1556324120,85,63.44,-20.27,7.83
313,kysyl-syr,95,RU,1556324305,79,63.9,122.77,9.08
314,digha,8,IN,1556324305,85,21.62,87.51,16.96
315,gat,2,SN,1556321400,73,14.69,-16.54,19.46
316,tuatapere,55,NZ,1556323209,76,-46.13,167.69,29.15
317,linhares,1,BR,1556324306,93,-19.38,-40.06,3.42
318,bukan,1,IR,1556324306,58,36.52,46.21,3.06
319,charters towers,55,AU,1556324306,69,-20.07,146.27,10.27
320,chicama,75,PE,1556319600,88,-7.84,-79.15,11.41
321,gimli,73,CA,1556324084,50,50.63,-96.99,5.99
322,sitka,73,US,1556323255,37,37.17,-99.65,21.99
323,kolosovka,45,RU,1556324307,38,56.47,73.61,12.01
324,santa cruz,75,US,1556324139,47,36.97,-122.03,13.87
325,flinders,1,AU,1556324287,54,-34.58,150.85,6.93
326,zatoka,0,PL,1556324254,67,50.04,20.52,2.24
327,sanok,0,PL,1556324140,59,49.56,22.21,6.93
328,dzhebariki-khaya,0,RU,1556324310,70,62.22,135.8,2.46
329,laurel,90,US,1556324123,81,45.67,-108.77,24.16
330,christchurch,84,NZ,1556324286,33,-43.53,172.64,19.46
331,weihai,92,CN,1556324311,60,37.5,122.11,5.06
332,anloga,40,GH,1556319600,78,5.79,0.9,4.7
333,solotcha,100,RU,1556323712,53,54.79,39.84,3.11
334,yerbogachen,2,RU,1556323919,71,61.28,108.01,10.25
335,kapit,100,MY,1556324311,94,2.02,112.94,1.21
336,cabo san lucas,40,MX,1556323298,21,22.89,-109.91,16.11
337,digras,98,IN,1556324311,14,20.1,77.72,3.4
338,tarko-sale,51,RU,1556324154,78,64.92,77.78,6.24
339,santa rosalia,40,IT,1556324284,93,38.07,13.27,1.12
340,dudinka,75,RU,1556321400,84,69.41,86.18,13.42
341,atyrau,86,KZ,1556321400,76,47.1,51.92,8.95
342,bousse,90,FR,1556324286,93,49.28,6.2,4.7
343,galatas,0,GR,1556324096,87,38.36,21.56,3.58
344,chunoyar,13,RU,1556324313,70,57.45,97.32,12.62
345,sinazongwe,0,ZM,1556324313,49,-17.26,27.46,3.53
346,oksfjord,75,NO,1556324129,80,70.24,22.35,21.92
347,fairbanks,1,US,1556324408,22,64.84,-147.72,4.7
348,finschhafen,98,PG,1556324314,62,-6.6,147.85,3.85
349,chuy,100,UY,1556324496,88,-33.69,-53.46,25.14
350,aleksandrov gay,92,RU,1556324315,71,50.14,48.57,6.87
351,fairlie,1,US,1556324284,44,33.31,-95.96,4.7
352,lamu,92,ID,1556324315,69,0.57,122.3,1.1
353,lloydminster,40,CA,1556323200,16,53.28,-110.01,11.41
354,lagunas,51,PE,1556324316,67,-5.23,-75.68,1.86
355,talcahuano,40,CL,1556320140,93,-36.72,-73.12,4.7
356,aswan,0,EG,1556319600,13,24.09,32.9,6.93
357,cumanayagua,1,CU,1556319540,74,22.15,-80.2,9.17
358,salinopolis,100,BR,1556324316,81,-0.61,-47.36,12.93
359,clyde river,40,CA,1556323200,84,70.47,-68.59,4.7
360,bondo,98,CD,1556324317,86,3.81,23.69,4.07
361,wete,84,TZ,1556324317,72,-5.06,39.73,6.02
362,nusaybin,0,TR,1556324317,39,37.08,41.21,4.97
363,jiaocheng,100,CN,1556324318,90,24.68,116.14,3.47
364,cernosice,75,CZ,1556324217,87,49.96,14.32,14.99
365,rocha,99,UY,1556324036,93,-34.48,-54.34,14.81
366,aksha,37,RU,1556324319,41,50.28,113.29,6.78
367,sao filipe,73,CV,1556324214,82,14.9,-24.5,19.64
368,eyl,24,SO,1556324319,66,7.98,49.82,8.97
369,santa isabel do rio negro,100,BR,1556324319,99,-0.41,-65.02,1.79
370,srednekolymsk,100,RU,1556324319,89,67.46,153.71,16.4
371,warragul,98,AU,1556324312,79,-38.16,145.93,10.0
372,goderich,96,CA,1556324318,86,43.74,-81.71,1.01
373,banda aceh,100,ID,1556324276,68,5.56,95.32,10.58
374,brockville,90,CA,1556324263,72,44.59,-75.69,11.41
375,zhigansk,99,RU,1556324125,78,66.77,123.37,16.55
376,atar,0,MR,1556324321,13,20.52,-13.05,10.29
377,itarema,97,BR,1556323911,91,-2.92,-39.92,4.41
378,mandalgovi,90,MN,1556324218,52,45.76,106.27,4.5
379,isiro,100,CD,1556324321,95,2.77,27.62,3.02
380,gambela,80,ET,1556324321,35,8.25,34.59,3.22
381,oranjemund,41,ZA,1556324500,96,-28.55,16.43,13.33
382,iqaluit,90,CA,1556323364,86,63.75,-68.52,5.82
383,zyryanka,100,RU,1556324321,90,65.73,150.89,22.7
384,port hawkesbury,1,CA,1556324238,84,45.62,-61.36,3.36
385,zhanaozen,0,KZ,1556324322,69,43.35,52.85,7.96
386,nadym,80,RU,1556324322,95,65.53,72.51,6.38
387,tual,79,ID,1556324322,77,-5.67,132.75,16.11
388,vryheid,0,ZA,1556324322,91,-27.77,30.79,1.92
389,crib point,97,AU,1556324312,75,-38.35,145.2,7.0
390,kasongo-lunda,100,CD,1556323914,96,-6.48,16.82,2.24
391,emporia,75,US,1556323408,37,38.4,-96.18,12.75
392,kavaratti,59,IN,1556324233,77,10.57,72.64,7.85
393,faya,0,SA,1556319600,77,18.39,42.45,5.82
394,traralgon,72,AU,1556324104,79,-38.19,146.54,10.0
395,makokou,100,GA,1556324323,97,0.56,12.85,1.74
396,langham,75,CA,1556324021,18,52.36,-106.96,8.05
397,santa cruz de la palma,90,ES,1556324128,63,28.68,-17.76,18.34
398,sorong,100,ID,1556324324,81,-0.86,131.25,3.69
399,benjamin aceval,90,PY,1556320500,94,-24.97,-57.57,5.82
400,bonavista,85,CA,1556324131,87,48.65,-53.11,7.0
401,lavrentiya,98,RU,1556324121,93,65.58,-170.99,10.2
402,payakumbuh,100,ID,1556324325,94,-0.23,100.63,3.36
403,oerlinghausen,0,DE,1556324237,71,51.96,8.66,8.05
404,mazyr,31,BY,1556324325,88,52.05,29.27,6.67
405,nelson bay,90,AU,1556324175,59,-32.72,152.14,10.29
406,andilamena,99,MG,1556324325,91,-17.01,48.57,4.79
407,saiha,14,IN,1556324325,69,22.49,92.98,1.54
408,kamyshin,81,RU,1556324326,64,50.08,45.4,4.97
409,sangar,58,RU,1556324326,39,63.92,127.47,2.84
410,gillette,40,US,1556324213,58,44.29,-105.5,12.75
411,divnogorsk,40,RU,1556321400,86,55.96,92.38,11.18
412,laguna,5,MX,1556318760,18,27.52,-110.01,8.05
413,mattru,90,SL,1556324327,84,7.62,-11.83,2.95
414,salinas,75,US,1556324129,72,36.67,-121.66,16.11
415,marawi,99,PH,1556324153,71,8.0,124.29,1.01
416,nouadhibou,7,MR,1556323200,72,20.93,-17.03,19.46
417,port-gentil,40,GA,1556319600,88,-0.72,8.78,9.17
418,brandon,90,US,1556324125,37,43.59,-96.57,5.82
419,likasi,78,CD,1556324328,93,-10.99,26.74,2.59
420,anshun,76,CN,1556324328,94,26.25,105.93,8.99
421,mababanaba,75,PH,1556319600,69,15.5,120.46,2.24
422,severo-yeniseyskiy,100,RU,1556324328,85,60.37,93.04,9.4
423,yatou,97,CM,1556324328,80,3.63,9.81,12.17
424,teahupoo,40,PF,1556321400,62,-17.83,-149.27,5.82
425,aljezur,0,PT,1556324172,73,37.31,-8.8,19.77
426,chitrakonda,83,IN,1556324329,55,18.12,82.08,3.47
427,einsiedeln,75,CH,1556324302,100,47.13,8.75,3.18
428,bandarbeyla,2,SO,1556323915,65,9.49,50.81,9.62
429,turan,62,RU,1556324329,76,52.15,93.92,3.76
430,kamenka,79,RU,1556323375,47,53.19,44.05,3.49
431,marienburg,90,DE,1556324319,93,52.12,9.98,4.7
432,rock sound,11,BS,1556324330,77,24.9,-76.2,12.08
433,gawler,40,AU,1556324250,47,-34.6,138.75,11.41
434,taoudenni,52,ML,1556324119,10,22.68,-3.98,1.72
435,jambi,100,ID,1556324132,98,-1.6,103.62,3.2
436,ambon,100,FR,1556324303,100,47.55,-2.56,11.41
437,bima,74,ID,1556324331,87,-8.45,118.73,2.13
438,buala,64,SB,1556324331,75,-8.15,159.59,6.8
439,pacific grove,75,US,1556323855,72,36.62,-121.92,16.11
440,chatham,1,CA,1556324175,87,42.41,-82.19,4.7
441,vila velha,0,BR,1556323692,83,-3.71,-38.6,2.24
442,kankakee,1,US,1556324214,25,41.12,-87.86,13.87
443,carutapera,100,BR,1556324333,93,-1.2,-46.02,4.68
444,sheregesh,100,RU,1556324333,85,52.93,87.98,5.46
445,merauke,100,ID,1556324333,79,-8.49,140.4,13.49
446,ponta delgada,20,PT,1556324180,72,37.73,-25.67,10.29
447,hennenman,0,ZA,1556324129,92,-27.97,27.03,3.29
448,chifeng,100,CN,1556324334,36,42.27,118.96,13.62
449,ust-karsk,65,RU,1556324334,26,52.71,118.82,2.42
450,havre-saint-pierre,20,CA,1556323200,81,50.23,-63.6,8.05
451,quartucciu,0,IT,1556320800,87,39.25,9.18,5.82
452,gouyave,40,GD,1556319600,83,12.16,-61.73,13.87
453,nizhniy kuranakh,66,RU,1556324335,57,58.84,125.49,4.92
454,banes,75,CU,1556319000,78,20.96,-75.72,11.41
455,babu,5,CN,1556324507,86,23.23,104.89,4.38
456,najran,0,SA,1556319600,24,17.54,44.22,6.26
457,pitanga,100,BR,1556324336,96,-24.76,-51.76,2.19
458,hit,1,IQ,1556324336,21,33.64,42.83,6.62
459,altay,76,CN,1556324336,80,47.83,88.13,3.06
460,potsdam,75,DE,1556324280,87,52.4,13.06,13.87
461,louis trichardt,0,ZA,1556324337,67,-23.04,29.91,8.34
462,shaowu,100,CN,1556324337,78,27.34,117.49,0.67
463,ramhormoz,0,IR,1556324337,26,31.28,49.6,4.79
464,haines junction,11,CA,1556324337,25,60.75,-137.51,4.85
465,nishihara,75,JP,1556324403,93,35.74,139.53,9.17
466,uspenka,99,UA,1556324338,79,48.39,39.16,6.22
467,ostrovnoy,93,RU,1556324212,86,68.05,39.51,14.36
468,inongo,100,CD,1556324509,98,-1.93,18.29,1.3
469,sheridan,75,US,1556324248,18,39.65,-105.03,35.57
470,smoky lake,49,CA,1556324287,24,54.11,-112.47,4.88
471,alushta,0,UA,1556324338,69,44.68,34.41,3.13
472,saint-pierre,75,FR,1556323325,93,48.95,4.24,11.41
473,wattegama,100,LK,1556324339,91,7.35,80.68,1.72
474,arlit,69,NE,1556324339,12,18.74,7.39,8.81
475,vila,0,IT,1556324288,87,45.18,8.4,4.7
476,westport,97,IE,1556324323,84,53.8,-9.52,18.99
477,buchanan,75,LR,1556319600,83,5.88,-10.05,7.83
478,victor harbor,40,AU,1556324250,47,-35.55,138.62,11.41
479,bonthe,58,SL,1556324340,77,7.53,-12.5,6.51
480,quatre cocos,20,MU,1556319600,69,-20.21,57.76,8.05
481,yuanping,100,CN,1556324340,91,38.72,112.71,7.7
482,chistogorskiy,100,RU,1556324340,78,53.98,87.38,8.25
483,san giustino,0,IT,1556324313,93,43.55,12.18,4.7
484,kurduvadi,100,IN,1556324341,17,18.09,75.41,11.97
485,buzmeyin,0,TM,1556319600,87,38.05,58.21,4.7
486,los llanos de aridane,90,ES,1556324417,59,28.66,-17.92,16.11
487,pangody,97,RU,1556324511,96,65.85,74.49,6.31
488,ola,2,RU,1556324342,62,59.58,151.3,5.26
489,rio gallegos,20,AR,1556319600,76,-51.62,-69.22,3.36
490,polyarnyy,75,RU,1556321400,77,69.2,33.45,2.24
491,honningsvag,69,NO,1556324511,85,70.98,25.97,16.4
492,leningradskiy,100,RU,1556324511,77,69.38,178.42,12.68
493,san luis,7,AR,1556323935,80,-33.3,-66.34,9.08
494,elko,40,US,1556324220,26,40.83,-115.76,20.8
495,saurimo,73,AO,1556324512,80,-9.66,20.4,1.7
496,niono,31,ML,1556324345,17,14.25,-5.99,15.79
497,kaihua,100,CN,1556324345,77,29.14,118.41,5.79
498,madera,1,US,1556324169,15,36.96,-120.06,11.41
499,ayame,97,CI,1556324075,88,5.61,-3.16,2.64
500,meulaboh,100,ID,1556324512,74,4.14,96.13,11.83
501,sur,0,OM,1556324346,60,22.57,59.53,1.48
502,anchorage,20,US,1556324112,23,61.22,-149.89,5.82
503,egvekinot,100,RU,1556324346,95,66.32,-179.17,16.44
504,bemidji,75,US,1556324344,34,47.48,-94.89,9.17
505,invermere,99,CA,1556324347,61,50.51,-116.03,5.64
506,tsurugi,40,JP,1556323685,57,33.97,134.05,11.41
507,kita,75,JP,1556324345,93,35.76,139.74,9.17
508,nicoya,0,CR,1556319600,49,10.15,-85.45,10.29
509,ippy,67,CF,1556324348,73,6.26,21.2,5.93
510,port macquarie,90,AU,1556324105,52,-31.43,152.91,10.29
511,amarante do maranhao,87,BR,1556324348,92,-5.57,-46.74,3.69
512,hambantota,100,LK,1556324224,76,6.12,81.12,2.66
513,nanakuli,40,US,1556324157,58,21.39,-158.15,13.87
514,barabai,97,ID,1556324348,91,-2.59,115.38,2.48
515,ha giang,25,VN,1556324349,84,22.83,104.99,4.09
516,belaya gora,100,RU,1556324513,92,68.54,146.19,13.56
517,zlobin,40,HR,1556324346,93,45.29,14.65,6.93
518,zeya,98,RU,1556324513,33,53.74,127.27,2.59
519,bati,55,ET,1556324349,55,11.19,40.02,2.44
520,ghanzi,0,BW,1556324514,21,-21.7,21.65,6.08
521,srivardhan,23,IN,1556324349,83,18.03,73.02,4.25
522,ranong,100,TH,1556319600,94,9.96,98.62,4.99
523,xuddur,0,SO,1556324350,74,4.12,43.89,13.67
524,gazanjyk,0,TM,1556324514,41,39.24,55.52,4.38
525,henties bay,1,NA,1556319782,95,-22.12,14.28,3.0
526,camargo,0,MX,1556324350,10,27.69,-105.17,14.05
527,mehamn,93,NO,1556324351,83,71.03,27.85,14.81
528,awbari,61,LY,1556324515,10,26.59,12.77,10.83
529,waipawa,0,NZ,1556322616,65,-39.94,176.59,15.01
530,barra patuca,1,HN,1556324351,79,15.8,-84.28,17.47
531,esso,32,RU,1556324351,75,55.93,158.7,12.95
532,kongoussi,25,BF,1556324351,9,13.32,-1.53,9.35
533,roma,0,IT,1556324154,87,41.89,12.48,2.24
534,mombaca,100,BR,1556324352,93,-5.74,-39.63,4.92
535,norman wells,75,CA,1556319600,31,65.28,-126.83,12.75
536,karaton,40,ID,1556324271,88,-6.34,106.1,4.7
537,aksu,90,KZ,1556321400,55,52.04,76.93,2.24
538,dunedin,100,NZ,1556324070,89,-45.87,170.5,1.99
